<?xml version="1.0" encoding="UTF-8"?>
<project-private xmlns="http://www.netbeans.org/ns/project-private/1">
    <editor-bookmarks xmlns="http://www.netbeans.org/ns/editor-bookmarks/2" lastBookmarkId="0"/>
    <open-files xmlns="http://www.netbeans.org/ns/projectui-open-files/2">
        <group>
            <file>file:/C:/Users/morak/Documents/NetBeansProjects/BookWebAppV1/web/file_not_found.jsp</file>
            <file>file:/C:/Users/morak/Documents/NetBeansProjects/BookWebAppV1/web/search_books_outcome.jsp</file>
            <file>file:/C:/Users/morak/Documents/NetBeansProjects/BookWebAppV1/web/Delete_book.jsp</file>
            <file>file:/C:/Users/morak/Documents/NetBeansProjects/BookWebAppV1/src/java/za/ac/tut/web/ViewBooksServlet.java</file>
            <file>file:/C:/Users/morak/Documents/NetBeansProjects/BookWebAppV1/web/menu.jsp</file>
            <file>file:/C:/Users/morak/Documents/NetBeansProjects/BookWebAppV1/web/WEB-INF/web.xml</file>
            <file>file:/C:/Users/morak/Documents/NetBeansProjects/BookWebAppV1/web/view_books_outcome.jsp</file>
            <file>file:/C:/Users/morak/Documents/NetBeansProjects/BookWebAppV1/src/java/za/ac/tut/web/AddBookServlet.java</file>
            <file>file:/C:/Users/morak/Documents/NetBeansProjects/BookWebAppV1/src/java/za/ac/tut/web/SearchBookServlet.java</file>
            <file>file:/C:/Users/morak/Documents/NetBeansProjects/BookWebAppV1/web/search_book.jsp</file>
            <file>file:/C:/Users/morak/Documents/NetBeansProjects/BookWebAppV1/web/add_book.jsp</file>
            <file>file:/C:/Users/morak/Documents/NetBeansProjects/BookWebAppV1/src/java/za/ac/tut/web/DeleteBookServlet.java</file>
            <file>file:/C:/Users/morak/Documents/NetBeansProjects/BookWebAppV1/web/delete_book_outcome.jsp</file>
            <file>file:/C:/Users/morak/Documents/NetBeansProjects/BookWebAppV1/web/add_book_outcome.jsp</file>
        </group>
    </open-files>
</project-private>
