<?xml version="1.0" encoding="UTF-8"?>
<project-private xmlns="http://www.netbeans.org/ns/project-private/1">
    <editor-bookmarks xmlns="http://www.netbeans.org/ns/editor-bookmarks/2" lastBookmarkId="0"/>
    <open-files xmlns="http://www.netbeans.org/ns/projectui-open-files/2">
        <group>
            <file>file:/C:/Users/morak/Documents/NetBeansProjects/BookEJBModuleV1/src/java/za/ac/tut/entity/Book.java</file>
            <file>file:/C:/Users/morak/Documents/NetBeansProjects/BookEJBModuleV1/src/java/za/ac/tut/ejb/bl/BookFacadeLocal.java</file>
            <file>file:/C:/Users/morak/Documents/NetBeansProjects/BookEJBModuleV1/src/java/za/ac/tut/entity/Author.java</file>
            <file>file:/C:/Users/morak/Documents/NetBeansProjects/BookEJBModuleV1/src/java/za/ac/tut/ejb/bl/BookFacade.java</file>
        </group>
    </open-files>
</project-private>
